{"origin_val_acc": 0.8388, "ori_val_acc": 0.8388, "ori_pre_val_nll": 0.4735252559185028, "ori_pre_val_ece": 0.03378007188439369, "ori_test_acc": 0.8375, "ori_pre_test_ece": 0.03441378474235535, "ori_pre_test_adaece": 0.03439560905098915, "ori_pre_test_cece": 0.015393993817269802, "ori_pre_test_nll": 0.4861210882663727, "ori_T_opt": 1.3, "ori_post_test_ece": 0.010915284976363182, "ori_post_test_adaece": 0.012717649340629578, "ori_post_test_cece": 0.015534887090325356, "ori_post_test_nll": 0.47636258602142334, "_timestamp": 1699686227.8030868, "_runtime": 260.5363097190857, "_step": 19}