{"origin_val_acc": 0.7846, "ori_val_acc": 0.7846, "ori_pre_val_nll": 0.6682746410369873, "ori_pre_val_ece": 0.08197636157274246, "ori_test_acc": 0.7923, "ori_pre_test_ece": 0.07559944689273834, "ori_pre_test_adaece": 0.07556416094303131, "ori_pre_test_cece": 0.02735254168510437, "ori_pre_test_nll": 0.666663646697998, "ori_T_opt": 1.6000000000000003, "ori_post_test_ece": 0.0127877127379179, "ori_post_test_adaece": 0.015946602448821068, "ori_post_test_cece": 0.029762480407953262, "ori_post_test_nll": 0.6116207242012024, "_timestamp": 1699686202.7083647, "_runtime": 235.4415876865387, "_step": 17}